commit,validation_status,validation_reason,build_after,test_after,build_before,test_before,error_type,regressions,fixes,new_passes
a20bf01f377f7798a00c1fd15b7058197904747e,VALID_BACKPORT,,Success,Success,Success,Success,,0,0,0
d0d3697f736074f981787a357d6aeb1d2f43dfcc,VALID_BACKPORT,tests_fixed,Success,Success,Success,Fail,,0,2,0
a06b7a22ead49486fafbde9d658f7dba027e81fc,VALID_BACKPORT,,Success,Fail,Success,Fail,,0,0,0
24104833a4860a7a61fb472a1e5dca633c145094,VALID_BACKPORT,tests_fixed,Success,Fail,Success,Fail,,0,1,0
a3ab584257224faa235dcfd5882048b9abc233ec,VALID_BACKPORT,tests_fixed,Success,Fail,Success,Fail,,0,5,0
5b3e62e52d5538d2ae310b1158909d8822d59192,VALID_BACKPORT,,Success,Fail,Success,Fail,,0,0,0
5b314afdadd232434b34a0a7d34997425731c071,VALID_BACKPORT,,Success,Fail,Success,Fail,,0,0,0
9cdb8b839f24b52a281f6b9011fc4dc1237f32eb,VALID_BACKPORT,,Success,Fail,Success,Fail,,0,0,0
ceddff3ab3092070ac3b6b8408ec456b4df1fbd0,VALID_BACKPORT,,Fail,Skipped,Skipped,Skipped (Only New Tests),,0,0,0
81b61b176dc6710fc43458a5a26b9f9116bb6c08,VALID_BACKPORT,,Fail,Skipped,Skipped,Skipped (Only New Tests),,0,0,0
2a5c4c906f36765d22c0e077ee7a9952b63a29b8,VALID_BACKPORT,,Fail,Skipped,Skipped,Skipped (Only New Tests),,0,0,0
dccb2cec806662f023d6d74f179859697c638552,VALID_BACKPORT,,Fail,Skipped,Skipped,Skipped (Only New Tests),,0,0,0
25a381b253b5d84c1b3569980f1e5d1950da828e,VALID_BACKPORT,,Fail,Skipped,Skipped,Skipped (Only New Tests),,0,0,0
40a7fdf60593aa550971f4d9e45e45a104b4b21a,VALID_BACKPORT,,Success,Fail,Success,Fail,,0,0,0
b4ca550dca1afb168fb22d10e303f9d971a21fae,VALID_BACKPORT,,Success,Fail,Success,Fail,,0,0,0
26c2f612768f9d5a9cbc8512c5133c019a7f294c,VALID_BACKPORT,,Success,Fail,Success,Fail,,0,0,0
986a253db83e6487110d6f6acbb35065f20717f2,VALID_BACKPORT,,Success,Fail,Success,Fail,,0,0,0
