original_commit,original_branch,Backport Commit,backport_branch
4797096485b2617a331fa7b63aa1ca4d910e113b,master,b63a67142a372294fcce3bc9b578abf686727f90,branch-3.1
3a8952e358d486cda89801b1bfc0b0d7590b8715,master,3734fcdd17b4a691070a382267fe50502d6b2357,branch-3.0
2c772e876a371eea2f2acecd0b11e5edcf861b49,master,0476118c73bcad99793253d4a46257d7f5125152,branch-3.1
3555fd4fc4203de53e74f2614459f6d43f94db9c,master,42b26c7842d2badcdd9a7db68d0ae4ea5cd0fcb9,branch-3.0
219402d4c84fd02a06c724b8638c180877779f81,master,bd45f01a8af94a3d072086f29b0c930c4508a24a,branch-3.0
8dcb61402be90fa3aa6804ab605f56b3cba93116,master,d0d7a51d3f5086b094e11ae8a16be38bb94907c9,branch-3.1
6021a2af0879aabe0ae5d171d7fdcdbe965ab335,master,237adc2659b56b113af8e70c69410d194f51f9c4,branch-3.0
f5ad72c112a8c8dd456d4c90f506cdcd537235d0,master,24f3c3a10c3194785c1e609217d95653ec8d1799,branch-3.1
1f5777a8c4b83eeebc8730461c8ff4d8d5db8174,master,ea8ef605a6ce3bac5e6d72473215487c18fcca80,branch-2.1
3c6fd95088c85d0d00bb447edeaed5227f8aacdc,master,294db353cec46c2dacc609d4e81bbba41ea4a7ea,branch-3.0
70720b100fa9ffa6dcac73b084841b205a2a8916,master,19b08a068c09fd8569a3fa030617cd67455fc5e1,branch-3.0
8244ecedd9ec532d979cb17698162c8e066c4fcd,master,cf847b8c711207254ba386c1fa7cd2d7a2921299,branch-2.1
00ec5875d213c7f97876d2a54482aad8201fa606,master,7ca00c114b651d53a270c5ffe4ec3b529cd2416a,branch-2.1
6dcbd69729a7f0f2e84c2f27942b171e46b8df3e,master,7c5508710e916e458038657ceff5baeb618f5c99,branch-3.0
f015d9a349ea1421ee0b10af3861dda350bf8b89,master,d6f4db41700fcc7106f203f4d1f75a423432d9d3,branch-2.1
ac2b060cd286688d70e992b974a1a8d6cbe43000,master,9161c0520b859d1c44e52a97cd194c08cd70e031,branch-3.0
89d3e795ebd23f6bd36212b5e0f6b9146eb5df1c,master,5c6a56b159cb11c1d7ed309ed0e61572fcba4231,branch-2.0
ed1760816b0c60b10d9f0d9055bfb0db64ca54a9,master,8dc845671f3a6811f3e359bea9dc7d0e28ba946e,branch-2.1
76d94938fd14d431245b233f6cbf3f82e89699e1,master,da3c56d311b0bc395d30a4e725582fe4b51dd864,branch-2.1
b00a107e344f628b84e2b79172f1c84b672cd8c4,master,a565672578c9403f7f66fb312843732c446b49e7,branch-3.0
72e223a2f414fb6b930a1e366a00be1db732b66f,master,9664b50eb61515510f9fe8a1acda7e1ab7349221,branch-2.1
78b63d46c068704eec9ca2ba7e1db8459b422f24,master,445e196041d86096778ab5a75b40f4f390cbb120,branch-2.1
3e142d818be25f15f202f83f0c72718debff3cdd,master,84726582ab17c40ae11eb4d6cc324230f6495f1a,branch-2.1
dd182711e940b46bb071205c4aff57c7c0910111,master,7d43cc227414ba65e83985453e1bda1410397f49,branch-2.1
3553b58ce71e91e8901ab31f365743988faf6625,master,49ca449e7a9bcd8e4986c98b70d3a82789ddd463,branch-3.0
a33fb09f27005cd316e7d9cc66335c6a7e6e2939,master,84e5de5250589134d7324e71eba30d99b03c0bd1,branch-3.0
b9a287e206fde1f2b2cbd27a3ce6379ba4663443,master,fe0da72555f055127082b96df00ab3aeb56dd766,branch-3.0
bb7c0644e14a4e51b379a159f941decf6cefbf6d,master,d891ed9de813be26af6bcd8cb28acb6416ef0e69,branch-2.1
9e5f9cbb5abbe9a25650858dee27413f031bd891,master,25d7d0b2554aea3b440c3bb8c58d0837e2740ead,branch-2.1
34ab55ff86014c6c78d03f797b5dc55e703e0ed7,master,5285cbc5304821f3f93a2d84a1bd89cddc57e931,branch-3.0
3fdd1b2f64e06ce27b6ac16a873adf6181423b5c,master,0513e4196bf781bd5c8b8c31fcae4a63e8486a4e,branch-3.0
3d4c22d1194366ff947967063a47366b9cb98ff7,master,3120bfb6e37dbadf1b154668ad7c874868fe8604,branch-2.1
433b84a1857acbcc18f9f19fd7b26a35b18f46e1,master,bbaa056e99f2814ef2d6e869230bcab765796f0e,branch-3.0
eb7fd6e74b333ee1cfaa3251de84eb79f7bc76b0,master,aa541fddf95dd15bacd54145c72549fd8ad1e1b2,branch-2.1
e40f7f875978ab6750aec93a4187d9e08bbc55d6,master,d3f157103227e71e294f1f1bedc9a2dcc82fac1b,branch-3.0
b4529b35a10ecd6e2aab02a723616a98f15cb08d,master,78b95e75956402e13451b4df200cff1da1090ccc,branch-2.1
d5133be4b8ebb1586b96c3e2de1a5fc23e606aa6,master,9ae716554d24a2bee9563b233e4f0e1e1aee0d58,branch-3.0
e40275ae44ae7aa7424aa1672305a96954cb39e1,master,2292a69cf4fc2ae77a32c87c8c8bf1a833c7cedc,branch-3.0
6bceb32df4b83f502659552af772c4d681058114,master,306af52aa2375388afcc3cc1cbcfd886e6d202eb,branch-2.1
681583aa08c64fbc25b7fb6314a1022c8608a97b,master,d659750fd96d1163da0a4b1ca6273efbce17e52b,branch-2.1
cd0a8eca680df9c1f9c8adf7e62327e34e4e7403,master,96b2fa1a247462ae2b708aece0285bbdbc6c80f9,branch-2.1
34f04eefa85acf86dbf7534e9adbfd9dfb237a80,master,549bc3e288e003856e9c233f0d38855b621e6e2e,branch-2.1
a5a5b32ba9688cad4f4a1b62871909ebed152c5c,master,f32d540ac501acb6657f1414bdc39b29736364ff,branch-2.1
a39d2ff48481636a9822af2fd7a6fa3fc2113d10,master,b7ded71bfb96324b17b88978608634e9f8ec7005,branch-2.1
55727c312ea960b69381234970ef4566d8d1a0b7,master,d7f60c5ef1df5d916e350938e243e2c6382a3821,branch-2.1
8fe3a363c51e6159f39e8d362614bd60031aed8f,master,4511d3e9008b63ee0eb48bcd5e6cbd574860eb05,branch-2.1
91afeec69fd8eed65f41da18f4f0a7cef50a1126,master,7851563829b6c5f6f78fbb4f61ff03459d45fefc,branch-2.1
ec6b744c1567983a5e7d1227f06e7c1ca166822d,master,431e2e1af955390fb5fffa999430a49da64494aa,branch-2.1
0a647edd0d227a75be8d51e733f7ee1561043390,master,facce8b4d5530a2c1a71d23adcb4a10d6060e0c5,branch-2.1
5f08e5d5c028d4369144b0f58a37fc40ff4b2dbc,master,8df93f8dfec1e5a0a697be2147e22913079a4701,branch-2.1
964c33d30eb52f738d8629011f90e750feddf820,master,c3c6a4fc4c6eebb1aefb4681aa628f5b77113154,branch-2.1
adb21f956e6212a631b34ec9e0bda4e4126835cc,master,7e94cc80e51c70eb7495f1b008355184d70b8f02,branch-3.0
07723d7a8966ee79708ebee05dde7a44aefcf200,master,bf7675dc94363bf4c23dba8568ea5236ef2795fa,branch-2.1
a99812c485544345b015f5a828bd615fbdfb696a,master,37443aa7e1ebb1a109f0826c80476e2d2f646ece,branch-2.1
00cbcb4bece33387320b08240cb8eaf191fdedfd,master,ad6a4130c00353f253ebeaccc4268fd181b3fb7b,branch-3.0
9841ac5f1faa67d09355b87866a247441de9c720,master,1a3f547d3551b8f0de10af17095dd8d2a12f6079,branch-2.1
e8d342d6145fa71e3a524f9b42166340ae5a53d3,master,0a3874f203f2f279dc1eda0348c2d9d8074b5a5b,branch-2.1
9832838d1814dc08bfff2a2e6dba1dfb9f09eb4e,master,5066be6df34415bf538f8b36006f37af94772405,branch-2.1
d260d046182455db28fb712bac26ececfcc6a738,master,fe3e3d0fab68ef9baea50c845b265e23924400d2,branch-2.1
1ada810b5a6f88fe082cb84c8c665a8561f31bd1,master,af7a28511eb69679c97a2a46cae02a6c137714b2,branch-2.0
390cdcc8953f0aaf6d3d7798e4f312f670821f65,master,4d980b82351e62d89852ba32680f489bdbe19fbd,branch-2.1
1eff4e19f6a11efb2cc48515340ea98df6d1b101,master,555dccb1a4c1ad55a4da5572d13ac02606d18198,branch-2.1
5b5a704286db20474a5531d4d087e4376e3cf3ec,master,f21d7e3833e2da62392c7f7610a1957c21405775,branch-2.1
cd8348dc5ba091d3edab1376613ee0d6f04bf00d,master,4042cdf5532d433b94e2c4339ca3cdda13e30df8,branch-2.1
73519c5b27c4eeb55de952cbebba7bc4d8c48adb,master,cefee4dbc0d436e7411f95272292f89e780d0e5e,branch-2.1
603452d880445fba4bbf83df613a7cc3ecf08ac6,master,5d442ba2b4d659be4aa1af00dc7f043c58d813e3,branch-3.0
269fc7b52c1b077b77d7c32267349e6f9d612fc1,master,70a518e099c9dcf2a9952ba9779bca5e275f0e9f,branch-2.1
ffe7e41860416ada9706e0c6b86becbbd3694e5f,master,2bbd0aaf6b0c815cee968394693a5529dd940f84,branch-2.0
497a1c94e2859077052ee9084d726c1df97258ba,master,0152a4e86fbeb38422b61e4b8d0b102bfe918c32,branch-2.1
c5a19982a6bc5c7cffc98c1694d106e9925ecc66,master,a751372e76c369efa366f602357f93cbc7f001b3,branch-2.1
eb17b2e7aee96765beaa57d839201d3511b5a3ec,master,ef00dad680d1ec6da5e482c4c1a9503046b0ae2f,branch-2.1
2c4aee4f6c9cc1220a051a83bb8d915952dec1d1,master,dfc82a40110fd8ba8482d53f9a6eb3a29b9e024b,branch-2.1
40c178f9d48e58d416dc2cc23c9799ca53059d8b,master,5cfb2459e34453fc3830e7b8a9982a85c23bda11,branch-3.0
4f4d4b0e243caf99754b12558dce8a36c2321114,master,bb2bc777172b05cead598b1cccfa2a36295937b0,branch-2.1
7a7839d7c085e1b94c4f88dfc94c27b34d214e4e,master,359e50fc5821f00bb5142dbc996468a68168bf5f,branch-2.1
4339a2fbb081d813d625824410c2f7e73575926c,master,cc85f7b94c2775814db058e6742522bfa8711e0d,branch-2.1
a28f451dbe3b314c9e726b05bf38952718cdb31a,master,4acc692e2e015093a143449414a9e04116537df1,branch-2.0
6e192d284b17d306644a224d87892b5001f7b85f,master,f8cee439b6877de60fab94cbf81e9cfcd1d6114d,branch-2.1
64a78a0bcc3b03e25ee8fffc43f32061c2f4c45a,master,b63e6ac35049b07a6a3a74f10fd17d9241dd780b,branch-2.1
c127ed1f6588a2c22a0a78ece06a1087116f9bec,master,fb642d022701aa1db529e17f09d622b42689c899,branch-2.1
50c64bc3cdf654194bbaa51a6a8c06722253790f,master,e8576806614e8e9fe890452ecdf7029619248bee,branch-2.1
a2ee53ad76ff651d8059b954f4fde48eaf52b9f6,master,17056dcdb9972ccc531c5a55451a736da44e3e82,branch-2.1
783d4b8fbf1fb317abaf08c7654a8f33f43382a4,master,6b3cb56c35d3cfd270c01003b74c1e7493473727,branch-2.0
bed3d005d85a543a22b456f59c82b374db39fcc8,master,12e53653eae515afa5a2810ae3f8bfb089e27e1e,branch-2.0
2021aedf7beb0cf24d5732db43217b3a0f42c7de,master,fe75cbc92716d097d58c23599d8144db7f2a2923,branch-2.1
efb73c3cfcadf477156aae52eb221e719a145411,master,17cf34b244a92b5c2e9da2d1fe3ddc052855facd,branch-2.1
a819ca4bee1c6fc427428a5455836f7f34b6c4f9,master,0cff5398102d7a14f0d63a56d2782f3f58ee4101,branch-2.1
6f3f9edb81e2276a5768aceffa7b49fd457fb223,master,f7f7b2b7386a4d630ad2f04ec0961e6bf01378a5,branch-2.1
e2d7eca88754a4c06f0c03bf5d4da68cdce0369d,master,c2fc4853274b1c2c89e0877c17c8cd3fb302e5d7,branch-2.1
d7d523508590e2c4687fa5bf45189ecbc258a908,master,b91d2caab8651df312eaf4a80262577e73bf939b,branch-2.1
a93eafe793fcdb6ddd6b2ca3523108f88d991dbd,master,69ddefe27528f67ef66cec60e51a3aff9c0eac81,branch-2.0
144c9fc1b6e414f469e8b0f9eb1c377fb37f0f75,master,84e9a1406302eae56996363bb5c9430ba4e5b4b9,branch-2.1
6ac8c2872a3820d5e808242b52cea57b8c2b53e2,master,a0961070f7d5f3b217d0ab008984d5f416c8f80b,branch-2.0
bd6f5b6a0e5f1b12744607336123d7f97eb76af9,master,c13f11a2ca588c5c3d2cc3fd6cc2666a25c829f1,branch-2.0
42136081e7beaa30dbbc724621e6aa7a462647fc,master,e13ce905cff81e30d790f774ec14ab168a29a6bf,branch-2.1
4675f5d30960d77bede1951b4ad8d858fbb099d7,master,22da62a6d5f89e48de61f37ae09c86b83c852ad7,branch-2.1
a26e6d1a47a2805e7e8f2b25b85f5fde6234964c,master,3da43a1a604931f8c7447dbcd834b89c5138e0f2,branch-2.0
2a05a52f979e373c4b9b59d24c85d34d156ef95c,master,7cb00a8e548236a1e72ca72643fb8620899ae54a,branch-2.1
feaf51c0a55a3dff9235a85d39e9acf766cd11a0,master,417431fd83e6a927345a7384113981e36453a6f1,branch-2.1
697745bb58d99a40fda05ea8228a146148890448,master,239d1b8193a6e98b3ad06797cdbcb12c90271f7a,branch-2.0
2f8775dd2cd73d218587e2551911c9dd1a67f5b4,master,0ef6eabc74cb5d93c3e8d62feaeb91bcca37204a,2.1-tmp
7169c078bf364af572f97e6bcd387d2da5533262,master,8fbeda8c069cc603a95924125abd63a03ecbeee9,2.1-tmp
645a4c46af05c528392e83b8c778dde6db79905f,master,533effd88cd19e92c19650310c98b5c89bab082d,2.1-tmp
