original_commit,original_branch,Backport Commit,backport_branch
ebfd863ac728f9abfcaa42fec7fce90b62900df5,main,62456110f2c1676ea51ee774ab2af9c592683ad8,branch_10x
532d26722836e6d61d49fb9c33c590a284367977,main,173a799fe69e233b44adfb5e8faa0a7cccafab82,branch_10x
c21bc5405be258bcebf6b93ceb13f9554c214b2c,main,3dc13d42ee0136b21ffaf1ebbdd1c38806e3794f,branch_9x
9d4bba3331e4ae9768ac3e8f987b49e3578234fc,main,80a69348cecbed725350796b70616ac1908e4fce,branch_10_0
ea1441c81cccd4ba1910c0bd2a59088fd50e2720,main,2a87e42790da6e3dd567958142fb2c87425912c7,branch_9x
9d4bba3331e4ae9768ac3e8f987b49e3578234fc,main,518c76b51a79b29a940fe5808c1274c1cab44fe0,branch_10x
a40bb39195467abdad0c612ee0d006c67cc75914,main,23a8d656a653d31b388eb33cef49acf831055323,branch_9x
30c965ea575a5e75c2bf724a340aa690d82f1ec5,main,539274f453097a5201ae1bec6a742e9e98f8d6eb,branch_9x
47c0a6ed18310dea0db32c894524d54fd447a850,main,04d0170bac86e2b62eabcbaf9be6883025f42e1f,branch_9x
126834c09e69f0f0a3cfa5b09195f3ebfb5c1c0f,main,44ad4d95c6226e1a07f9b364ae415623247295e9,main
62e08f5f4b76b84ed4109d8493d1dac2048d3350,main,e78f23738f4cb0031bd425fb835ffdc27174d8fe,branch_9x
